-- addresses
INSERT INTO ARTECOM.ADDRESS (ID, CITY, "NAME", POSTCODE, STREET) 
	VALUES (1000, 'Grenoble', 'Pathé Chavant', 38000, '21 Boulevard Maréchal Lyautey');
INSERT INTO ARTECOM.ADDRESS (ID, CITY, "NAME", POSTCODE, STREET) 
	VALUES (2000, 'Grenoble', 'Rectorat de Grenoble', 38021, '7 Place Bir Hakeim');
INSERT INTO ARTECOM.ADDRESS (ID, CITY, "NAME", POSTCODE, STREET) 
	VALUES (3000, 'Grenoble', 'College Champollion', 38000, '10 Rue François Raoult');
INSERT INTO ARTECOM.ADDRESS (ID, CITY, "NAME", POSTCODE, STREET) 
	VALUES (4000, 'Grenoble', 'Le Subway', 38000, '2 Rue Lakanal');
INSERT INTO ARTECOM.ADDRESS (ID, CITY, "NAME", POSTCODE, STREET) 
	VALUES (5000, 'Lyon', 'McDonald''s', 69007, '6 Place Gabriel Péri');
INSERT INTO ARTECOM.ADDRESS (ID, CITY, "NAME", POSTCODE, STREET) 
	VALUES (6000, 'Lyon', 'La Poste', 69003, '150 Rue Pierre Corneille');
INSERT INTO ARTECOM.ADDRESS (ID, CITY, "NAME", POSTCODE, STREET) 
	VALUES (7000, 'Lyon', 'A La Pêche Aux Moules', 69002, '2 Rue des Marronniers');
INSERT INTO ARTECOM.ADDRESS (ID, CITY, "NAME", POSTCODE, STREET) 
	VALUES (8000, 'Paris', 'Le Petit Palais', 75008, 'Avenue Winston Churchill');
INSERT INTO ARTECOM.ADDRESS (ID, CITY, "NAME", POSTCODE, STREET) 
	VALUES (9000, 'Paris', 'Unisson', 75008, '61 Rue de l''Arcade');
INSERT INTO ARTECOM.ADDRESS (ID, CITY, "NAME", POSTCODE, STREET) 
	VALUES (10000, 'Noirmoutier-en-l''Île', 'L''Aquarium', 85330, 'Rue de l''Écluse');

-- craft
INSERT INTO ARTECOM.CRAFT (ID, "NAME", PARENT_ID) 
	VALUES (1000, 'Craft 1', NULL);
INSERT INTO ARTECOM.CRAFT (ID, "NAME", PARENT_ID) 
	VALUES (2000, 'Craft 2', NULL);
INSERT INTO ARTECOM.CRAFT (ID, "NAME", PARENT_ID) 
	VALUES (3000, 'Craft 3', NULL);
INSERT INTO ARTECOM.CRAFT (ID, "NAME", PARENT_ID) 
	VALUES (4000, 'Craft 1.1', 1000);
INSERT INTO ARTECOM.CRAFT (ID, "NAME", PARENT_ID) 
	VALUES (5000, 'Craft 1.2', 1000);
INSERT INTO ARTECOM.CRAFT (ID, "NAME", PARENT_ID) 
	VALUES (6000, 'Craft 3.1', 3000);

--client
INSERT INTO ARTECOM.CLIENT (ID, PROFIL_TYPE, FIRSTNAME, LASTBILLINGADRESS, LASTNAME, LASTSHIPPINGADRESS, LOGIN, DESCRIPTION) 
	VALUES (1000, 'C', 'Bob', NULL, 'Azert', NULL, 'client1@ecom.fr', NULL);
INSERT INTO ARTECOM.CLIENT (ID, PROFIL_TYPE, FIRSTNAME, LASTBILLINGADRESS, LASTNAME, LASTSHIPPINGADRESS, LOGIN, DESCRIPTION) 
	VALUES (2000, 'C', 'Alice', NULL, 'Ubdf', NULL, 'client2@ecom.fr', NULL);
INSERT INTO ARTECOM.CLIENT (ID, PROFIL_TYPE, FIRSTNAME, LASTBILLINGADRESS, LASTNAME, LASTSHIPPINGADRESS, LOGIN, DESCRIPTION) 
	VALUES (3000, 'C', 'Luce', NULL, 'Pxgn', NULL, 'client3@ecom.fr', NULL);
INSERT INTO ARTECOM.CLIENT (ID, PROFIL_TYPE, FIRSTNAME, LASTBILLINGADRESS, LASTNAME, LASTSHIPPINGADRESS, LOGIN, DESCRIPTION) 
	VALUES (4000, 'C', 'Bernadette', NULL, 'Cfyujt', NULL, 'client4@ecom.fr', NULL);
INSERT INTO ARTECOM.CLIENT (ID, PROFIL_TYPE, FIRSTNAME, LASTBILLINGADRESS, LASTNAME, LASTSHIPPINGADRESS, LOGIN, DESCRIPTION) 
	VALUES (5000, 'P', 'Paulette', NULL, 'Mihugybftydt', NULL, 'artisan1@ecom.fr', 'Lorem ipsum dolor sit amet, consectetur adipiscing elit.');
INSERT INTO ARTECOM.CLIENT (ID, PROFIL_TYPE, FIRSTNAME, LASTBILLINGADRESS, LASTNAME, LASTSHIPPINGADRESS, LOGIN, DESCRIPTION) 
	VALUES (6000, 'P', 'Maurice', NULL, 'Tdfh-brt', NULL, 'artisan2@ecom.fr', 'Lorem ipsum dolor sit amet, consectetur adipiscing elit.');
INSERT INTO ARTECOM.CLIENT (ID, PROFIL_TYPE, FIRSTNAME, LASTBILLINGADRESS, LASTNAME, LASTSHIPPINGADRESS, LOGIN, DESCRIPTION) 
	VALUES (7000, 'P', 'Christophe', NULL, 'Exdgbtd', NULL, 'artisan3@ecom.fr', 'Lorem ipsum dolor sit amet, consectetur adipiscing elit.');
INSERT INTO ARTECOM.CLIENT (ID, PROFIL_TYPE, FIRSTNAME, LASTBILLINGADRESS, LASTNAME, LASTSHIPPINGADRESS, LOGIN, DESCRIPTION) 
	VALUES (8000, 'P', 'Arthur', NULL, 'Api', NULL, 'artisan4@ecom.fr', 'Lorem ipsum dolor sit amet, consectetur adipiscing elit.');

--sites
INSERT INTO ARTECOM.SITE (ID, DESCRIPTION, OPENING, "TYPE", LAT, LNG, CRAFTSMAN_ID, ADDRESS_ID) 
	VALUES (1000, 'Lorem ipsum dolor sit amet, consectetur adipiscing elit.', NULL, 1, 45.7549593, 4.8428779, 5000, 5000);
INSERT INTO ARTECOM.SITE (ID, DESCRIPTION, OPENING, "TYPE", LAT, LNG, CRAFTSMAN_ID, ADDRESS_ID) 
	VALUES (2000, 'Lorem ipsum dolor sit amet, consectetur adipiscing elit.', NULL, 0, 45.7577277, 4.8348908, 5000, 7000);
INSERT INTO ARTECOM.SITE (ID, DESCRIPTION, OPENING, "TYPE", LAT, LNG, CRAFTSMAN_ID, ADDRESS_ID) 
	VALUES (3000, 'Lorem ipsum dolor sit amet, consectetur adipiscing elit.', NULL, 0, 45.1868352, 5.723845799999999, 6000, 4000);
INSERT INTO ARTECOM.SITE (ID, DESCRIPTION, OPENING, "TYPE", LAT, LNG, CRAFTSMAN_ID, ADDRESS_ID) 
	VALUES (4000, 'Lorem ipsum dolor sit amet, consectetur adipiscing elit.', NULL, 1, 45.1860015, 5.7259214, 7000, 3000);


--products
INSERT INTO ARTECOM.PRODUCT (ID, AVAILABILITY, DESCRIPTION, "NAME", PRICE, QUANTITY, VERSION, WEIGHT, CRAFT_ID, CRAFTSMAN_ID, SITE_ID) 
	VALUES (1000, 0, 'Lorem ipsum dolor sit amet, consectetur adipiscing elit.', 'Product 1', 2.0, 20, 0, 0.3, 1000, 5000, 1000);
INSERT INTO ARTECOM.PRODUCT (ID, AVAILABILITY, DESCRIPTION, "NAME", PRICE, QUANTITY, VERSION, WEIGHT, CRAFT_ID, CRAFTSMAN_ID, SITE_ID) 
	VALUES (2000, 0, 'Lorem ipsum dolor sit amet, consectetur adipiscing elit.', 'Product 2', 5.0, 200, 0, 0.2, 1000, 6000, 3000);
INSERT INTO ARTECOM.PRODUCT (ID, AVAILABILITY, DESCRIPTION, "NAME", PRICE, QUANTITY, VERSION, WEIGHT, CRAFT_ID, CRAFTSMAN_ID, SITE_ID) 
	VALUES (3000, 1, 'Lorem ipsum dolor sit amet, consectetur adipiscing elit.', 'Product 3', 5.0, 75, 0, 1.0, 5000, 6000, 3000);
INSERT INTO ARTECOM.PRODUCT (ID, AVAILABILITY, DESCRIPTION, "NAME", PRICE, QUANTITY, VERSION, WEIGHT, CRAFT_ID, CRAFTSMAN_ID, SITE_ID) 
	VALUES (4000, 0, 'Lorem ipsum dolor sit amet, consectetur adipiscing elit.', 'Product 4', 45.0, 45, 0, 3.0, 2000, 7000, 4000);
INSERT INTO ARTECOM.PRODUCT (ID, AVAILABILITY, DESCRIPTION, "NAME", PRICE, QUANTITY, VERSION, WEIGHT, CRAFT_ID, CRAFTSMAN_ID, SITE_ID) 
	VALUES (5000, 0, 'Lorem ipsum dolor sit amet, consectetur adipiscing elit.', 'Product 5', 100.0, 50, 0, 0.8, 2000, 6000, 3000);
INSERT INTO ARTECOM.PRODUCT (ID, AVAILABILITY, DESCRIPTION, "NAME", PRICE, QUANTITY, VERSION, WEIGHT, CRAFT_ID, CRAFTSMAN_ID, SITE_ID) 
	VALUES (6000, 1, 'Lorem ipsum dolor sit amet, consectetur adipiscing elit.', 'Product 6', 20.0, 70, 0, 0.2, 3000, 7000, 4000);
INSERT INTO ARTECOM.PRODUCT (ID, AVAILABILITY, DESCRIPTION, "NAME", PRICE, QUANTITY, VERSION, WEIGHT, CRAFT_ID, CRAFTSMAN_ID, SITE_ID) 
	VALUES (7000, 0, 'Lorem ipsum dolor sit amet, consectetur adipiscing elit.', 'Product 7', 5.0, 70, 0, 0.2, 3000, 5000, 1000);
INSERT INTO ARTECOM.PRODUCT (ID, AVAILABILITY, DESCRIPTION, "NAME", PRICE, QUANTITY, VERSION, WEIGHT, CRAFT_ID, CRAFTSMAN_ID, SITE_ID) 
	VALUES (8000, 0, 'Lorem ipsum dolor sit amet, consectetur adipiscing elit.', 'Product 8', 9.99, 70, 0, 0.45, 3000, 7000, 4000);


--client_address
INSERT INTO ARTECOM.CLIENT_ADDRESS (CLIENT_ID, ADDRESSES_ID) 
	VALUES (1000, 1000);
INSERT INTO ARTECOM.CLIENT_ADDRESS (CLIENT_ID, ADDRESSES_ID) 
	VALUES (1000, 6000);
INSERT INTO ARTECOM.CLIENT_ADDRESS (CLIENT_ID, ADDRESSES_ID) 
	VALUES (2000, 2000);
INSERT INTO ARTECOM.CLIENT_ADDRESS (CLIENT_ID, ADDRESSES_ID) 
	VALUES (3000, 8000);


INSERT INTO ARTECOM.CRAFT_SITE (CRAFTS_ID, SITES_ID) 
	VALUES (1000, 1000);
INSERT INTO ARTECOM.CRAFT_SITE (CRAFTS_ID, SITES_ID) 
	VALUES (2000, 1000);
INSERT INTO ARTECOM.CRAFT_SITE (CRAFTS_ID, SITES_ID) 
	VALUES (3000, 1000);
INSERT INTO ARTECOM.CRAFT_SITE (CRAFTS_ID, SITES_ID) 
	VALUES (2000, 2000);
INSERT INTO ARTECOM.CRAFT_SITE (CRAFTS_ID, SITES_ID) 
	VALUES (3000, 3000);
INSERT INTO ARTECOM.CRAFT_SITE (CRAFTS_ID, SITES_ID) 
	VALUES (4000, 4000);
INSERT INTO ARTECOM.CRAFT_SITE (CRAFTS_ID, SITES_ID) 
	VALUES (2000, 3000);


INSERT INTO ARTECOM.USERAPPLI (LOGIN, GROUPNAME, PASSWORD) 
	VALUES ('client1@ecom.fr', 'client', 'qj0v5PbTAdvWuPstL937eu6/O+xT//9LOaCWevqIxgk=');
INSERT INTO ARTECOM.USERAPPLI (LOGIN, GROUPNAME, PASSWORD) 
	VALUES ('client2@ecom.fr', 'client', 'qj0v5PbTAdvWuPstL937eu6/O+xT//9LOaCWevqIxgk=');
INSERT INTO ARTECOM.USERAPPLI (LOGIN, GROUPNAME, PASSWORD) 
	VALUES ('client3@ecom.fr', 'client', 'qj0v5PbTAdvWuPstL937eu6/O+xT//9LOaCWevqIxgk=');
INSERT INTO ARTECOM.USERAPPLI (LOGIN, GROUPNAME, PASSWORD) 
	VALUES ('client4@ecom.fr', 'client', 'qj0v5PbTAdvWuPstL937eu6/O+xT//9LOaCWevqIxgk=');
INSERT INTO ARTECOM.USERAPPLI (LOGIN, GROUPNAME, PASSWORD) 
	VALUES ('artisan1@ecom.fr', 'craftsman', 'qj0v5PbTAdvWuPstL937eu6/O+xT//9LOaCWevqIxgk=');
INSERT INTO ARTECOM.USERAPPLI (LOGIN, GROUPNAME, PASSWORD) 
	VALUES ('artisan2@ecom.fr', 'craftsman', 'qj0v5PbTAdvWuPstL937eu6/O+xT//9LOaCWevqIxgk=');
INSERT INTO ARTECOM.USERAPPLI (LOGIN, GROUPNAME, PASSWORD) 
	VALUES ('artisan3@ecom.fr', 'craftsman', 'qj0v5PbTAdvWuPstL937eu6/O+xT//9LOaCWevqIxgk=');
INSERT INTO ARTECOM.USERAPPLI (LOGIN, GROUPNAME, PASSWORD) 
	VALUES ('artisan4@ecom.fr', 'craftsman', 'qj0v5PbTAdvWuPstL937eu6/O+xT//9LOaCWevqIxgk=');
